product_code,price_inr,year
ARCHDDE20D,2750.0,2024
ARCH158F41,5740.0,2024
ARCHAFF0E4,4610.0,2024
ARCH6B94F7,3910.0,2024
ARCH5D1FE7,1610.0,2024
ARCH7B49A9,1610.0,2024
ARCH497D34,1100.0,2024
ARCHE71D79,5830.0,2024
ARCHDD8749,3930.0,2024
BADMC045D4,4500.0,2024
BADM88C384,790.0,2024
BADMA5EBA3,5910.0,2024
BADM4BAB38,6460.0,2024
BADMDC6AB1,1820.0,2024
BADM50C510,1660.0,2024
BADM2459FB,1670.0,2024
BADM9DDCED,2320.0,2024
BADMD11DA6,3510.0,2024
BADMDA1B05,3010.0,2024
BADM376040,2250.0,2024
BADM03A202,3980.0,2024
BADME151E6,1430.0,2024
BADMDA5EC8,2820.0,2024
BADM48A260,2260.0,2024
BADM8FFE12,3140.0,2024
BADM1B8332,4910.0,2024
BADM7E90FB,1750.0,2024
BASK7F5383,3660.0,2024
BASKEE612D,4130.0,2024
BASK4C69DF,830.0,2024
BASK9E4294,4230.0,2024
BASKEE32E4,1580.0,2024
BASKE57A19,940.0,2024
BASK728A58,8180.0,2024
BASKED86BF,6390.0,2024
BASK32528E,7070.0,2024
BASK984F74,2390.0,2024
BOX8606F7,950.0,2024
BOXD26891,4230.0,2024
BOX17AD9F,2860.0,2024
BOXB9DCC6,1250.0,2024
BOX3DC0E4,3650.0,2024
BOX381514,590.0,2024
BOX386644,5490.0,2024
BOX3A9CA9,1850.0,2024
BOXB0228B,3490.0,2024
CAMP24F868,4540.0,2024
CAMPA3B110,4400.0,2024
CAMPEE1159,4600.0,2024
CAMP7A5E65,1890.0,2024
CAMP69AF0F,8550.0,2024
CAMP10C410,6000.0,2024
CAMPECAADE,10560.0,2024
CAMPF24336,11540.0,2024
CAMPE624C8,4980.0,2024
CAMP11E3FA,7410.0,2024
CAMPCB6B05,1160.0,2024
CAMPDFA679,1970.0,2024
CAMP4005E6,840.0,2024
CAMPD5615D,4120.0,2024
CRICA1EEE0,,2024
CRIC7723F0,2780.0,2024
CRIC97BE68,7380.0,2024
CRIC2716B4,3960.0,2024
CRIC6888B0,3360.0,2024
CRICE4E9A2,4480.0,2024
CRIC670481,1650.0,2024
CRICCCD675,9230.0,2024
CRIC05FECB,1350.0,2024
CRIC681856,9680.0,2024
CRICBBFD56,5540.0,2024
CRIC57FB52,2060.0,2024
CRIC294CD6,700.0,2024
CRIC892BAA,6400.0,2024
CRIC2AE4DF,6400.0,2024
CRICC0D928,5270.0,2024
CRIC341BC8,6920.0,2024
CRICB9EBFF,1880.0,2024
CRIC5B2A0F,3620.0,2024
CRIC2D3CF5,1880.0,2024
CRICC6CF02,7040.0,2024
CRICA7893F,8130.0,2024
CRICA5001D,3440.0,2024
CRIC94FE34,940.0,2024
CRIC1FC74E,3630.0,2024
CRIC905F1B,4320.0,2024
CRIC35B3C7,8480.0,2024
CRIC462BA5,5380.0,2024
CRICBDB8DA,6910.0,2024
CRIC1BA87E,4960.0,2024
CRIC7633A6,1500.0,2024
CRIC8B52CE,4830.0,2024
CRIC538334,7270.0,2024
CRIC385D92,4580.0,2024
CRICF950D4,5170.0,2024
CRIC16E55F,,2024
CRIC02DA3C,4540.0,2024
CRIC98DB22,5370.0,2024
CRICCE879E,1100.0,2024
CRIC372046,1540.0,2024
CRICF6D4C2,1610.0,2024
CRIC7270D1,5140.0,2024
CRIC64B186,3260.0,2024
CRIC2841E6,6830.0,2024
CRIC2101AF,6260.0,2024
CRICDB62E7,2200.0,2024
CRICA7A3B4,5190.0,2024
CRICD69383,5980.0,2024
CRIC97883A,2580.0,2024
CRIC55A6B5,1090.0,2024
CRIC7A3D0A,3750.0,2024
CRIC76C189,1880.0,2024
CRIC8DF8D8,9010.0,2024
CRIC19DC2D,6350.0,2024
CRICAEA857,5890.0,2024
CRIC55BF8F,6180.0,2024
CRICA76614,6320.0,2024
CRIC2D7B61,2510.0,2024
CRICC6150F,6710.0,2024
CYCLDE0772,3810.0,2024
CYCLBD7368,5750.0,2024
CYCL9F921D,6320.0,2024
CYCL8D32DD,2950.0,2024
CYCL903AF1,1400.0,2024
CYCLB9F510,1980.0,2024
CYCL3A3BA9,4100.0,2024
CYCL28EDD2,5820.0,2024
CYCL8D92F6,,2024
CYCLA4B3CA,550.0,2024
FISHE20FE7,3260.0,2024
FISH435E84,2740.0,2024
FISHF83738,1640.0,2024
FISH731A02,1070.0,2024
FISH8CF49F,2290.0,2024
FISH6AC780,6250.0,2024
FISHC4F1E3,2210.0,2024
FISH9C6E1A,3310.0,2024
FISH9DCA51,4340.0,2024
FISHA6E17F,2440.0,2024
FOOTDA10C6,6430.0,2024
FOOT8B25BD,5420.0,2024
FOOTBCD3A9,2070.0,2024
FOOTC865F3,3720.0,2024
FOOT9DB3E4,2370.0,2024
FOOTB533BF,2960.0,2024
FOOT80D996,770.0,2024
FOOT0CD3DE,4660.0,2024
FOOT528FB5,4670.0,2024
FOOT86D9A9,900.0,2024
FOOT0E544D,2240.0,2024
FOOTF63A17,7860.0,2024
FOOT93E2C6,2600.0,2024
FOOT2BAAAD,1430.0,2024
FOOT9B3291,3510.0,2024
FOOT7DA9E9,8470.0,2024
FOOT6681B1,2010.0,2024
FOOT2271DD,4620.0,2024
FOOT614FC7,5160.0,2024
FOOT41CE85,1990.0,2024
FOOTC136F5,5180.0,2024
FOOTBF1E0A,3470.0,2024
FOOTDD733E,4380.0,2024
FOOTCC8143,4380.0,2024
FOOTE19E1A,3790.0,2024
FOOT3DC7AC,1150.0,2024
FOOTE1C418,5600.0,2024
FOOT595ABB,2600.0,2024
FOOTB792C1,1680.0,2024
FOOT5F7FD6,960.0,2024
FOOT347728,4120.0,2024
FOOTFD98D3,4650.0,2024
FOOT75A7DE,650.0,2024
FOOT5FB337,3650.0,2024
FOOTAFD990,2010.0,2024
FOOT9B1B1E,5790.0,2024
FOOTABBA46,1600.0,2024
FOOTEC0AEA,6150.0,2024
FOOTF21535,2890.0,2024
FOOT1E3E32,5910.0,2024
FOOT71C831,1380.0,2024
FOOT7EB7BC,3140.0,2024
FOOT17860D,1290.0,2024
FOOT63FDD7,7680.0,2024
FOOT21667B,7320.0,2024
FOOTFCA276,2640.0,2024
FOOTD3B001,4540.0,2024
FOOT65813B,5490.0,2024
FOOT4A3199,3320.0,2024
FOOTFA6CB6,3750.0,2024
FOOT424157,2010.0,2024
FOOT67945A,1160.0,2024
FOOTAB35F3,7770.0,2024
FOOT489639,7800.0,2024
FOOT49D279,4380.0,2024
HNDLA1722E,1340.0,2024
HNDL03C073,1370.0,2024
HNDL9B1B7D,2490.0,2024
HNDLB5AAA4,2990.0,2024
HNDLCD10B6,3850.0,2024
HIKA1D299,5570.0,2024
HIKD0476A,6080.0,2024
HIKAED3D8,1360.0,2024
HIKD8EC67,1550.0,2024
HIK5BEC68,6970.0,2024
HIK8D130E,4440.0,2024
HIK551B1C,560.0,2024
HIKC3460C,,2024
HIKF7229D,6260.0,2024
HIK070F0B,530.0,2024
HIKCAC6DD,1550.0,2024
HIK77A350,5290.0,2024
HIK1EDFAB,4750.0,2024
HIK36B5E7,5210.0,2024
HIK3D8B94,1960.0,2024
HIKBE06F0,6330.0,2024
HIKD4C3B1,2650.0,2024
HIK477AAF,3230.0,2024
HIK3DF988,5350.0,2024
HIKD36FFD,4720.0,2024
HIKFE5678,7830.0,2024
HIKF1C8B8,4770.0,2024
HIKC8C113,5450.0,2024
HIK122A22,1110.0,2024
HIKAD4D17,4130.0,2024
HORSE77A541,2970.0,2024
HORSE2EEE60,2800.0,2024
HORSE3B12B0,8780.0,2024
HORSEAE5456,4020.0,2024
HORSEB0E845,10140.0,2024
HORSE63358C,5680.0,2024
HORSEEB0E93,7320.0,2024
HORSEE8A02C,4920.0,2024
HORSE32EC33,6910.0,2024
HORSE2CAEAB,5320.0,2024
RACKD4E78B,1750.0,2024
RACK105320,6280.0,2024
RACK66912E,2280.0,2024
RACKFDE19F,690.0,2024
RACK435CCD,4550.0,2024
RACK3489DB,1640.0,2024
RACK82A423,6380.0,2024
RACK5D92A1,6460.0,2024
RACK69205F,6220.0,2024
ROCKC708F5,5370.0,2024
ROCKD798F6,1200.0,2024
ROCKF69138,11780.0,2024
ROCK9DEEFF,6040.0,2024
ROCKED21EA,12220.0,2024
ROCKCC3BF4,11310.0,2024
ROCK0F8FA1,7790.0,2024
ROCK3F43FF,3210.0,2024
ROCK32D5D0,3960.0,2024
RUN2FE4D5,4320.0,2024
RUNCF8C32,1860.0,2024
RUNC06D4D,1530.0,2024
RUNE665CD,2960.0,2024
RUN6AA3AE,4710.0,2024
RUND54C0F,3600.0,2024
RUNA56979,3020.0,2024
RUND6A4A7,1100.0,2024
RUND5648C,4200.0,2024
RUND03BFE,4950.0,2024
RUND9B589,1040.0,2024
RUN6DCFAC,2780.0,2024
RUN1AB696,4440.0,2024
RUN4820EF,3810.0,2024
RUN339949,3610.0,2024
RUN10A073,3990.0,2024
RUNB90BB2,2050.0,2024
RUN785BD8,2280.0,2024
RUN51B03C,4540.0,2024
RUN1D0017,4130.0,2024
RUN192A50,4830.0,2024
RUN5C06BF,4600.0,2024
RUNEBBF53,3580.0,2024
RUN907813,2710.0,2024
SKAT751A86,5600.0,2024
SKATCB097A,4040.0,2024
SKAT407D01,4330.0,2024
SKAT8BFE91,4860.0,2024
SKAT47003B,6190.0,2024
SKAT24B8F2,2640.0,2024
SKAT8A94D3,2500.0,2024
SKATC23D72,880.0,2024
SKATDA2B42,,2024
SQUA4C7DCE,1340.0,2024
SQUA99D795,4200.0,2024
SQUA160B6F,4770.0,2024
SQUAA3B44A,2900.0,2024
SQUABC7FB7,5120.0,2024
SQUAC908FD,1030.0,2024
SQUA84B377,1080.0,2024
SQUA732DF1,5790.0,2024
SQUA22F29D,4290.0,2024
SQUA82575A,1740.0,2024
SURF56D4BF,9910.0,2024
SURF2EBCCA,9460.0,2024
SURF8627B1,5510.0,2024
SURF7A248A,5910.0,2024
SURF60F2D1,1650.0,2024
SURFE9DE14,1220.0,2024
SURFEB883D,9390.0,2024
SURFF237F1,5230.0,2024
SURF69CACC,10970.0,2024
SWIM8BE666,2960.0,2024
SWIM0619EB,3910.0,2024
SWIM38D257,2160.0,2024
SWIM814E22,1430.0,2024
SWIMAEF4F3,3220.0,2024
SWIMCA28CC,1230.0,2024
SWIM3B2B99,1590.0,2024
SWIM4F5CDD,550.0,2024
SWIMB4058D,300.0,2024
SWIM139E14,3860.0,2024
SWIME2E04A,3380.0,2024
SWIMBAC8EE,3130.0,2024
SWIM2785E8,1750.0,2024
SWIM8D675F,1060.0,2024
SWIM98EEF3,680.0,2024
SWIM9CB0C3,1270.0,2024
SWIM3BD53D,2970.0,2024
SWIM684A76,3790.0,2024
SWIM1E7A6B,2710.0,2024
TTEN18B609,1970.0,2024
TTEND5F06B,5370.0,2024
TTENB506A5,4280.0,2024
TTEND35118,2850.0,2024
TTEN2C5F16,4550.0,2024
TTENE14F77,2670.0,2024
TTEN658069,1810.0,2024
TTEN204A0C,2350.0,2024
TTEN99E28C,4380.0,2024
TTENE352A9,630.0,2024
GAMES600C68,580.0,2024
GAMES594E41,460.0,2024
GAMES78D8F4,430.0,2024
GAMES7519A2,3330.0,2024
GAMES0B9C36,3280.0,2024
GAMESA7F5F8,2290.0,2024
GAMES55E6CB,680.0,2024
GAMES62C38E,1820.0,2024
GAMES5EF6E3,2520.0,2024
TENN1ADD96,2770.0,2024
TENN32F2C2,5730.0,2024
TENN11B50C,5330.0,2024
TENN8CF37E,7790.0,2024
TENNE19233,8010.0,2024
TENN6E46CF,1130.0,2024
TENN6AD4AC,5060.0,2024
TENNDCCD5A,7910.0,2024
TENN514228,6520.0,2024
TENN0CFFE7,10520.0,2024
TENN391CEF,8280.0,2024
TENN151AB9,2660.0,2024
TENN3F4E67,1610.0,2024
TENNF49374,8100.0,2024
TENN0B614F,1110.0,2024
TENN4AEBA0,7450.0,2024
TENN506041,14340.0,2024
TENN6C0BC2,7340.0,2024
VOLLF0E251,1550.0,2024
VOLLD0506F,2910.0,2024
VOLLC5F036,1690.0,2024
VOLLA6AAB1,2540.0,2024
VOLLF5D4E6,3270.0,2024
VOLLEEC6A4,1540.0,2024
VOLL56AE91,3180.0,2024
VOLLDDFCD0,3020.0,2024
VOLL4B8018,1090.0,2024
WLFT9CBF85,2680.0,2024
WLFTB0B8BE,2450.0,2024
WLFT5DC367,1480.0,2024
WLFT1704AC,3000.0,2024
WLFT053057,14700.0,2024
WLFT79618A,2720.0,2024
WLFTAE945F,7990.0,2024
WLFT4A4E9C,17920.0,2024
WLFT6CA36D,1580.0,2024
WLFTB7DF2B,12370.0,2024
WLFT52B261,6720.0,2024
WLFT296A48,3470.0,2024
WLFT7AD84A,14970.0,2024
WLFTD84A88,13620.0,2024
WLFTAC3A34,13260.0,2024
WLFT1B93D6,16860.0,2024
WLFT69B35E,17090.0,2024
WLFTF2E540,4800.0,2024
WLFT14DED0,4980.0,2024
YOGA19401E,2300.0,2024
YOGACE3F89,2460.0,2024
YOGA4680D3,2970.0,2024
YOGA1B22A2,1360.0,2024
YOGA6FA844,1240.0,2024
YOGAA7E602,2370.0,2024
YOGA46952D,1150.0,2024
YOGA80ED66,2810.0,2024
YOGA465ABE,2600.0,2024
ARCHDDE20D,,2025
ARCH158F41,6210.0,2025
ARCHAFF0E4,4990.0,2025
ARCH6B94F7,4060.0,2025
ARCH5D1FE7,1760.0,2025
ARCH7B49A9,1720.0,2025
ARCH497D34,1200.0,2025
ARCHE71D79,6140.0,2025
ARCHDD8749,4290.0,2025
BADMC045D4,4760.0,2025
BADM88C384,810.0,2025
BADMA5EBA3,6460.0,2025
BADM4BAB38,6700.0,2025
BADMDC6AB1,1920.0,2025
BADM50C510,1820.0,2025
BADM2459FB,1830.0,2025
BADM9DDCED,2480.0,2025
BADMD11DA6,3770.0,2025
BADMDA1B05,3190.0,2025
BADM376040,2360.0,2025
BADM03A202,4190.0,2025
BADME151E6,1540.0,2025
BADMDA5EC8,3050.0,2025
BADM48A260,2450.0,2025
BADM8FFE12,3410.0,2025
BADM1B8332,5090.0,2025
BADM7E90FB,1860.0,2025
BASK7F5383,3780.0,2025
BASKEE612D,4410.0,2025
BASK4C69DF,880.0,2025
BASK9E4294,4620.0,2025
BASKEE32E4,1670.0,2025
BASKE57A19,980.0,2025
BASK728A58,,2025
BASKED86BF,6920.0,2025
BASK32528E,7590.0,2025
BASK984F74,2480.0,2025
BOX8606F7,980.0,2025
BOXD26891,4560.0,2025
BOX17AD9F,2960.0,2025
BOXB9DCC6,1360.0,2025
BOX3DC0E4,3940.0,2025
BOX381514,610.0,2025
BOX386644,5690.0,2025
BOX3A9CA9,2030.0,2025
BOXB0228B,3690.0,2025
CAMP24F868,4790.0,2025
CAMPA3B110,4780.0,2025
CAMPEE1159,5040.0,2025
CAMP7A5E65,2080.0,2025
CAMP69AF0F,9260.0,2025
CAMP10C410,6340.0,2025
CAMPECAADE,10940.0,2025
CAMPF24336,12510.0,2025
CAMPE624C8,5320.0,2025
CAMP11E3FA,7850.0,2025
CAMPCB6B05,1270.0,2025
CAMPDFA679,2040.0,2025
CAMP4005E6,890.0,2025
CAMPD5615D,4250.0,2025
CRICA1EEE0,3770.0,2025
CRIC7723F0,2870.0,2025
CRIC97BE68,7660.0,2025
CRIC2716B4,4110.0,2025
CRIC6888B0,3610.0,2025
CRICE4E9A2,4850.0,2025
CRIC670481,1770.0,2025
CRICCCD675,10130.0,2025
CRIC05FECB,1430.0,2025
CRIC681856,10160.0,2025
CRICBBFD56,6040.0,2025
CRIC57FB52,2150.0,2025
CRIC294CD6,770.0,2025
CRIC892BAA,6600.0,2025
CRIC2AE4DF,7030.0,2025
CRICC0D928,5440.0,2025
CRIC341BC8,7560.0,2025
CRICB9EBFF,2010.0,2025
CRIC5B2A0F,3980.0,2025
CRIC2D3CF5,1950.0,2025
CRICC6CF02,7520.0,2025
CRICA7893F,8930.0,2025
CRICA5001D,3670.0,2025
CRIC94FE34,1010.0,2025
CRIC1FC74E,3920.0,2025
CRIC905F1B,4590.0,2025
CRIC35B3C7,9110.0,2025
CRIC462BA5,5760.0,2025
CRICBDB8DA,7550.0,2025
CRIC1BA87E,5120.0,2025
CRIC7633A6,1570.0,2025
CRIC8B52CE,5300.0,2025
CRIC538334,7940.0,2025
CRIC385D92,4860.0,2025
CRICF950D4,5550.0,2025
CRIC16E55F,5520.0,2025
CRIC02DA3C,4740.0,2025
CRIC98DB22,5710.0,2025
CRICCE879E,1160.0,2025
CRIC372046,1650.0,2025
CRICF6D4C2,1670.0,2025
CRIC7270D1,5640.0,2025
CRIC64B186,3580.0,2025
CRIC2841E6,7370.0,2025
CRIC2101AF,6680.0,2025
CRICDB62E7,2310.0,2025
CRICA7A3B4,5640.0,2025
CRICD69383,6450.0,2025
CRIC97883A,2690.0,2025
CRIC55A6B5,1190.0,2025
CRIC7A3D0A,4080.0,2025
CRIC76C189,2060.0,2025
CRIC8DF8D8,9740.0,2025
CRIC19DC2D,6810.0,2025
CRICAEA857,6240.0,2025
CRIC55BF8F,6770.0,2025
CRICA76614,6890.0,2025
CRIC2D7B61,2590.0,2025
CRICC6150F,6920.0,2025
CYCLDE0772,4020.0,2025
CYCLBD7368,6250.0,2025
CYCL9F921D,6950.0,2025
CYCL8D32DD,3070.0,2025
CYCL903AF1,1500.0,2025
CYCLB9F510,2090.0,2025
CYCL3A3BA9,4500.0,2025
CYCL28EDD2,6340.0,2025
CYCL8D92F6,8300.0,2025
CYCLA4B3CA,580.0,2025
FISHE20FE7,3450.0,2025
FISH435E84,2870.0,2025
FISHF83738,1700.0,2025
FISH731A02,1170.0,2025
FISH8CF49F,,2025
FISH6AC780,6870.0,2025
FISHC4F1E3,2430.0,2025
FISH9C6E1A,3540.0,2025
FISH9DCA51,4700.0,2025
FISHA6E17F,2670.0,2025
FOOTDA10C6,7010.0,2025
FOOT8B25BD,5680.0,2025
FOOTBCD3A9,2200.0,2025
FOOTC865F3,3870.0,2025
FOOT9DB3E4,2600.0,2025
FOOTB533BF,3170.0,2025
FOOT80D996,810.0,2025
FOOT0CD3DE,5020.0,2025
FOOT528FB5,5010.0,2025
FOOT86D9A9,950.0,2025
FOOT0E544D,2330.0,2025
FOOTF63A17,8470.0,2025
FOOT93E2C6,2770.0,2025
FOOT2BAAAD,1550.0,2025
FOOT9B3291,3740.0,2025
FOOT7DA9E9,9230.0,2025
FOOT6681B1,2150.0,2025
FOOT2271DD,4940.0,2025
FOOT614FC7,5630.0,2025
FOOT41CE85,2110.0,2025
FOOTC136F5,5380.0,2025
FOOTBF1E0A,3580.0,2025
FOOTDD733E,4740.0,2025
FOOTCC8143,4700.0,2025
FOOTE19E1A,4090.0,2025
FOOT3DC7AC,1200.0,2025
FOOTE1C418,5820.0,2025
FOOT595ABB,2680.0,2025
FOOTB792C1,1770.0,2025
FOOT5F7FD6,1030.0,2025
FOOT347728,4360.0,2025
FOOTFD98D3,4930.0,2025
FOOT75A7DE,710.0,2025
FOOT5FB337,3850.0,2025
FOOTAFD990,2140.0,2025
FOOT9B1B1E,6280.0,2025
FOOTABBA46,1690.0,2025
FOOTEC0AEA,6600.0,2025
FOOTF21535,3150.0,2025
FOOT1E3E32,6480.0,2025
FOOT71C831,1440.0,2025
FOOT7EB7BC,3440.0,2025
FOOT17860D,1370.0,2025
FOOT63FDD7,8050.0,2025
FOOT21667B,7770.0,2025
FOOTFCA276,2900.0,2025
FOOTD3B001,4830.0,2025
FOOT65813B,5780.0,2025
FOOT4A3199,3570.0,2025
FOOTFA6CB6,3930.0,2025
FOOT424157,2080.0,2025
FOOT67945A,1210.0,2025
FOOTAB35F3,8070.0,2025
FOOT489639,8120.0,2025
FOOT49D279,4550.0,2025
HNDLA1722E,1440.0,2025
HNDL03C073,1430.0,2025
HNDL9B1B7D,2620.0,2025
HNDLB5AAA4,3270.0,2025
HNDLCD10B6,4090.0,2025
HIKA1D299,6000.0,2025
HIKD0476A,6340.0,2025
HIKAED3D8,1420.0,2025
HIKD8EC67,1600.0,2025
HIK5BEC68,7260.0,2025
HIK8D130E,4660.0,2025
HIK551B1C,580.0,2025
HIKC3460C,1200.0,2025
HIKF7229D,6500.0,2025
HIK070F0B,560.0,2025
HIKCAC6DD,1620.0,2025
HIK77A350,5580.0,2025
HIK1EDFAB,5060.0,2025
HIK36B5E7,5620.0,2025
HIK3D8B94,2020.0,2025
HIKBE06F0,6870.0,2025
HIKD4C3B1,2850.0,2025
HIK477AAF,3350.0,2025
HIK3DF988,5840.0,2025
HIKD36FFD,5170.0,2025
HIKFE5678,8100.0,2025
HIKF1C8B8,5010.0,2025
HIKC8C113,5920.0,2025
HIK122A22,1200.0,2025
HIKAD4D17,4310.0,2025
HORSE77A541,3100.0,2025
HORSE2EEE60,2960.0,2025
HORSE3B12B0,9340.0,2025
HORSEAE5456,4310.0,2025
HORSEB0E845,10710.0,2025
HORSE63358C,6030.0,2025
HORSEEB0E93,7920.0,2025
HORSEE8A02C,5080.0,2025
HORSE32EC33,7240.0,2025
HORSE2CAEAB,5750.0,2025
RACKD4E78B,1910.0,2025
RACK105320,6690.0,2025
RACK66912E,2430.0,2025
RACKFDE19F,720.0,2025
RACK435CCD,4830.0,2025
RACK3489DB,1750.0,2025
RACK82A423,6680.0,2025
RACK5D92A1,6780.0,2025
RACK69205F,6570.0,2025
ROCKC708F5,5540.0,2025
ROCKD798F6,1260.0,2025
ROCKF69138,12310.0,2025
ROCK9DEEFF,6360.0,2025
ROCKED21EA,12690.0,2025
ROCKCC3BF4,12350.0,2025
ROCK0F8FA1,8350.0,2025
ROCK3F43FF,3460.0,2025
ROCK32D5D0,4300.0,2025
RUN2FE4D5,4600.0,2025
RUNCF8C32,1930.0,2025
RUNC06D4D,1630.0,2025
RUNE665CD,3170.0,2025
RUN6AA3AE,5100.0,2025
RUND54C0F,3820.0,2025
RUNA56979,3140.0,2025
RUND6A4A7,1150.0,2025
RUND5648C,4430.0,2025
RUND03BFE,5320.0,2025
RUND9B589,1110.0,2025
RUN6DCFAC,2930.0,2025
RUN1AB696,4880.0,2025
RUN4820EF,4090.0,2025
RUN339949,3780.0,2025
RUN10A073,4140.0,2025
RUNB90BB2,2130.0,2025
RUN785BD8,2390.0,2025
RUN51B03C,4730.0,2025
RUN1D0017,4310.0,2025
RUN192A50,5070.0,2025
RUN5C06BF,4790.0,2025
RUNEBBF53,3910.0,2025
RUN907813,2810.0,2025
SKAT751A86,5970.0,2025
SKATCB097A,4280.0,2025
SKAT407D01,4760.0,2025
SKAT8BFE91,5040.0,2025
SKAT47003B,6550.0,2025
SKAT24B8F2,2900.0,2025
SKAT8A94D3,2730.0,2025
SKATC23D72,960.0,2025
SKATDA2B42,4770.0,2025
SQUA4C7DCE,1400.0,2025
SQUA99D795,4520.0,2025
SQUA160B6F,,2025
SQUAA3B44A,3100.0,2025
SQUABC7FB7,5480.0,2025
SQUAC908FD,1080.0,2025
SQUA84B377,1170.0,2025
SQUA732DF1,6040.0,2025
SQUA22F29D,4520.0,2025
SQUA82575A,1840.0,2025
SURF56D4BF,10560.0,2025
SURF2EBCCA,9900.0,2025
SURF8627B1,5720.0,2025
SURF7A248A,6340.0,2025
SURF60F2D1,1730.0,2025
SURFE9DE14,1310.0,2025
SURFEB883D,9770.0,2025
SURFF237F1,5560.0,2025
SURF69CACC,11710.0,2025
SWIM8BE666,3060.0,2025
SWIM0619EB,4120.0,2025
SWIM38D257,2250.0,2025
SWIM814E22,1480.0,2025
SWIMAEF4F3,3540.0,2025
SWIMCA28CC,1290.0,2025
SWIM3B2B99,1730.0,2025
SWIM4F5CDD,580.0,2025
SWIMB4058D,320.0,2025
SWIM139E14,4180.0,2025
SWIME2E04A,3620.0,2025
SWIMBAC8EE,3330.0,2025
SWIM2785E8,1850.0,2025
SWIM8D675F,1120.0,2025
SWIM98EEF3,740.0,2025
SWIM9CB0C3,,2025
SWIM3BD53D,3260.0,2025
SWIM684A76,3940.0,2025
SWIM1E7A6B,2930.0,2025
TTEN18B609,2160.0,2025
TTEND5F06B,5600.0,2025
TTENB506A5,4430.0,2025
TTEND35118,3080.0,2025
TTEN2C5F16,4870.0,2025
TTENE14F77,2910.0,2025
TTEN658069,1880.0,2025
TTEN204A0C,2550.0,2025
TTEN99E28C,4570.0,2025
TTENE352A9,660.0,2025
GAMES600C68,600.0,2025
GAMES594E41,500.0,2025
GAMES78D8F4,460.0,2025
GAMES7519A2,3550.0,2025
GAMES0B9C36,3460.0,2025
GAMESA7F5F8,2500.0,2025
GAMES55E6CB,720.0,2025
GAMES62C38E,1980.0,2025
GAMES5EF6E3,2670.0,2025
TENN1ADD96,2930.0,2025
TENN32F2C2,6090.0,2025
TENN11B50C,5600.0,2025
TENN8CF37E,8430.0,2025
TENNE19233,8530.0,2025
TENN6E46CF,1180.0,2025
TENN6AD4AC,5530.0,2025
TENNDCCD5A,8360.0,2025
TENN514228,6960.0,2025
TENN0CFFE7,11500.0,2025
TENN391CEF,8890.0,2025
TENN151AB9,2760.0,2025
TENN3F4E67,1760.0,2025
TENNF49374,8700.0,2025
TENN0B614F,1170.0,2025
TENN4AEBA0,7750.0,2025
TENN506041,15570.0,2025
TENN6C0BC2,7880.0,2025
VOLLF0E251,1650.0,2025
VOLLD0506F,3180.0,2025
VOLLC5F036,1830.0,2025
VOLLA6AAB1,2640.0,2025
VOLLF5D4E6,3440.0,2025
VOLLEEC6A4,1610.0,2025
VOLL56AE91,3440.0,2025
VOLLDDFCD0,3120.0,2025
VOLL4B8018,1170.0,2025
WLFT9CBF85,2900.0,2025
WLFTB0B8BE,2670.0,2025
WLFT5DC367,1560.0,2025
WLFT1704AC,3260.0,2025
WLFT053057,15250.0,2025
WLFT79618A,2960.0,2025
WLFTAE945F,8300.0,2025
WLFT4A4E9C,18960.0,2025
WLFT6CA36D,1720.0,2025
WLFTB7DF2B,12870.0,2025
WLFT52B261,7030.0,2025
WLFT296A48,3750.0,2025
WLFT7AD84A,16170.0,2025
WLFTD84A88,14640.0,2025
WLFTAC3A34,14300.0,2025
WLFT1B93D6,18010.0,2025
WLFT69B35E,17900.0,2025
WLFTF2E540,5060.0,2025
WLFT14DED0,5190.0,2025
YOGA19401E,2520.0,2025
YOGACE3F89,2630.0,2025
YOGA4680D3,3140.0,2025
YOGA1B22A2,1440.0,2025
YOGA6FA844,1360.0,2025
YOGAA7E602,2470.0,2025
YOGA46952D,1230.0,2025
YOGA80ED66,2990.0,2025
YOGA465ABE,2790.0,2025
ARCHDDE20D,3120.0,2026
ARCH158F41,6820.0,2026
ARCHAFF0E4,5420.0,2026
ARCH6B94F7,4380.0,2026
ARCH5D1FE7,1860.0,2026
ARCH7B49A9,1820.0,2026
ARCH497D34,,2026
ARCHE71D79,6710.0,2026
ARCHDD8749,4630.0,2026
BADMC045D4,5170.0,2026
BADM88C384,850.0,2026
BADMA5EBA3,7100.0,2026
BADM4BAB38,7310.0,2026
BADMDC6AB1,2040.0,2026
BADM50C510,1930.0,2026
BADM2459FB,1940.0,2026
BADM9DDCED,2640.0,2026
BADMD11DA6,4060.0,2026
BADMDA1B05,3420.0,2026
BADM376040,2510.0,2026
BADM03A202,4530.0,2026
BADME151E6,1630.0,2026
BADMDA5EC8,,2026
BADM48A260,2620.0,2026
BADM8FFE12,3660.0,2026
BADM1B8332,5540.0,2026
BADM7E90FB,1970.0,2026
BASK7F5383,4070.0,2026
BASKEE612D,4760.0,2026
BASK4C69DF,930.0,2026
BASK9E4294,4990.0,2026
BASKEE32E4,1770.0,2026
BASKE57A19,1030.0,2026
BASK728A58,9340.0,2026
BASKED86BF,7600.0,2026
BASK32528E,,2026
BASK984F74,2640.0,2026
BOX8606F7,1030.0,2026
BOXD26891,4940.0,2026
BOX17AD9F,3170.0,2026
BOXB9DCC6,1440.0,2026
BOX3DC0E4,4230.0,2026
BOX381514,640.0,2026
BOX386644,6230.0,2026
BOX3A9CA9,2160.0,2026
BOXB0228B,4000.0,2026
CAMP24F868,5100.0,2026
CAMPA3B110,5140.0,2026
CAMPEE1159,5430.0,2026
CAMP7A5E65,2200.0,2026
CAMP69AF0F,10170.0,2026
CAMP10C410,6900.0,2026
CAMPECAADE,12000.0,2026
CAMPF24336,13700.0,2026
CAMPE624C8,5750.0,2026
CAMP11E3FA,8600.0,2026
CAMPCB6B05,1340.0,2026
CAMPDFA679,2160.0,2026
CAMP4005E6,940.0,2026
CAMPD5615D,4530.0,2026
CRICA1EEE0,4030.0,2026
CRIC7723F0,3050.0,2026
CRIC97BE68,8360.0,2026
CRIC2716B4,4390.0,2026
CRIC6888B0,3840.0,2026
CRICE4E9A2,5220.0,2026
CRIC670481,1870.0,2026
CRICCCD675,11040.0,2026
CRIC05FECB,1510.0,2026
CRIC681856,11170.0,2026
CRICBBFD56,6580.0,2026
CRIC57FB52,2280.0,2026
CRIC294CD6,810.0,2026
CRIC892BAA,7200.0,2026
CRIC2AE4DF,7630.0,2026
CRICC0D928,5910.0,2026
CRIC341BC8,8230.0,2026
CRICB9EBFF,2120.0,2026
CRIC5B2A0F,4250.0,2026
CRIC2D3CF5,2060.0,2026
CRICC6CF02,8220.0,2026
CRICA7893F,9650.0,2026
CRICA5001D,3910.0,2026
CRIC94FE34,1060.0,2026
CRIC1FC74E,4180.0,2026
CRIC905F1B,4890.0,2026
CRIC35B3C7,9900.0,2026
CRIC462BA5,6230.0,2026
CRICBDB8DA,8260.0,2026
CRIC1BA87E,5500.0,2026
CRIC7633A6,1660.0,2026
CRIC8B52CE,5750.0,2026
CRIC538334,8640.0,2026
CRIC385D92,5240.0,2026
CRICF950D4,6040.0,2026
CRIC16E55F,5930.0,2026
CRIC02DA3C,5100.0,2026
CRIC98DB22,6120.0,2026
CRICCE879E,1220.0,2026
CRIC372046,1740.0,2026
CRICF6D4C2,1760.0,2026
CRIC7270D1,6100.0,2026
CRIC64B186,3820.0,2026
CRIC2841E6,7930.0,2026
CRIC2101AF,7320.0,2026
CRICDB62E7,2450.0,2026
CRICA7A3B4,6040.0,2026
CRICD69383,7020.0,2026
CRIC97883A,2860.0,2026
CRIC55A6B5,1250.0,2026
CRIC7A3D0A,4340.0,2026
CRIC76C189,2180.0,2026
CRIC8DF8D8,10680.0,2026
CRIC19DC2D,7430.0,2026
CRICAEA857,6750.0,2026
CRIC55BF8F,7400.0,2026
CRICA76614,7510.0,2026
CRIC2D7B61,2740.0,2026
CRICC6150F,7570.0,2026
CYCLDE0772,4330.0,2026
CYCLBD7368,6810.0,2026
CYCL9F921D,7610.0,2026
CYCL8D32DD,3270.0,2026
CYCL903AF1,1580.0,2026
CYCLB9F510,2220.0,2026
CYCL3A3BA9,4820.0,2026
CYCL28EDD2,6920.0,2026
CYCL8D92F6,9070.0,2026
CYCLA4B3CA,610.0,2026
FISHE20FE7,3710.0,2026
FISH435E84,3070.0,2026
FISHF83738,1800.0,2026
FISH731A02,1240.0,2026
FISH8CF49F,2660.0,2026
FISH6AC780,7540.0,2026
FISHC4F1E3,2590.0,2026
FISH9C6E1A,3810.0,2026
FISH9DCA51,5100.0,2026
FISHA6E17F,2850.0,2026
FOOTDA10C6,7700.0,2026
FOOT8B25BD,6240.0,2026
FOOTBCD3A9,2340.0,2026
FOOTC865F3,4160.0,2026
FOOT9DB3E4,2770.0,2026
FOOTB533BF,3370.0,2026
FOOT80D996,850.0,2026
FOOT0CD3DE,5420.0,2026
FOOT528FB5,5390.0,2026
FOOT86D9A9,1000.0,2026
FOOT0E544D,2480.0,2026
FOOTF63A17,9280.0,2026
FOOT93E2C6,2940.0,2026
FOOT2BAAAD,1640.0,2026
FOOT9B3291,4020.0,2026
FOOT7DA9E9,10150.0,2026
FOOT6681B1,2280.0,2026
FOOT2271DD,5350.0,2026
FOOT614FC7,6130.0,2026
FOOT41CE85,2240.0,2026
FOOTC136F5,5840.0,2026
FOOTBF1E0A,3820.0,2026
FOOTDD733E,5130.0,2026
FOOTCC8143,5080.0,2026
FOOTE19E1A,4400.0,2026
FOOT3DC7AC,1270.0,2026
FOOTE1C418,6350.0,2026
FOOT595ABB,2860.0,2026
FOOTB792C1,1880.0,2026
FOOT5F7FD6,1080.0,2026
FOOT347728,4710.0,2026
FOOTFD98D3,5340.0,2026
FOOT75A7DE,750.0,2026
FOOT5FB337,4140.0,2026
FOOTAFD990,2270.0,2026
FOOT9B1B1E,6800.0,2026
FOOTABBA46,1790.0,2026
FOOTEC0AEA,7160.0,2026
FOOTF21535,3370.0,2026
FOOT1E3E32,7110.0,2026
FOOT71C831,1520.0,2026
FOOT7EB7BC,3670.0,2026
FOOT17860D,1450.0,2026
FOOT63FDD7,8820.0,2026
FOOT21667B,8500.0,2026
FOOTFCA276,3080.0,2026
FOOTD3B001,5230.0,2026
FOOT65813B,6310.0,2026
FOOT4A3199,3850.0,2026
FOOTFA6CB6,4230.0,2026
FOOT424157,2210.0,2026
FOOT67945A,1280.0,2026
FOOTAB35F3,8840.0,2026
FOOT489639,8890.0,2026
FOOT49D279,4920.0,2026
HNDLA1722E,1540.0,2026
HNDL03C073,1530.0,2026
HNDL9B1B7D,2850.0,2026
HNDLB5AAA4,3580.0,2026
HNDLCD10B6,4480.0,2026
HIKA1D299,6530.0,2026
HIKD0476A,6860.0,2026
HIKAED3D8,1500.0,2026
HIKD8EC67,1690.0,2026
HIK5BEC68,7950.0,2026
HIK8D130E,5030.0,2026
HIK551B1C,610.0,2026
HIKC3460C,1270.0,2026
HIKF7229D,7040.0,2026
HIK070F0B,590.0,2026
HIKCAC6DD,1710.0,2026
HIK77A350,6010.0,2026
HIK1EDFAB,5490.0,2026
HIK36B5E7,6080.0,2026
HIK3D8B94,2140.0,2026
HIKBE06F0,7460.0,2026
HIKD4C3B1,3030.0,2026
HIK477AAF,3570.0,2026
HIK3DF988,6350.0,2026
HIKD36FFD,5600.0,2026
HIKFE5678,8850.0,2026
HIKF1C8B8,5430.0,2026
HIKC8C113,6380.0,2026
HIK122A22,1270.0,2026
HIKAD4D17,4600.0,2026
HORSE77A541,3300.0,2026
HORSE2EEE60,3140.0,2026
HORSE3B12B0,10260.0,2026
HORSEAE5456,4610.0,2026
HORSEB0E845,11720.0,2026
HORSE63358C,6520.0,2026
HORSEEB0E93,8630.0,2026
HORSEE8A02C,5460.0,2026
HORSE32EC33,7810.0,2026
HORSE2CAEAB,6180.0,2026
RACKD4E78B,,2026
RACK105320,7270.0,2026
RACK66912E,2590.0,2026
RACKFDE19F,760.0,2026
RACK435CCD,5230.0,2026
RACK3489DB,1850.0,2026
RACK82A423,7330.0,2026
RACK5D92A1,7440.0,2026
RACK69205F,7200.0,2026
ROCKC708F5,5920.0,2026
ROCKD798F6,1320.0,2026
ROCKF69138,13500.0,2026
ROCK9DEEFF,6810.0,2026
ROCKED21EA,13940.0,2026
ROCKCC3BF4,13560.0,2026
ROCK0F8FA1,9120.0,2026
ROCK3F43FF,3680.0,2026
ROCK32D5D0,4600.0,2026
RUN2FE4D5,5030.0,2026
RUNCF8C32,2060.0,2026
RUNC06D4D,1730.0,2026
RUNE665CD,3420.0,2026
RUN6AA3AE,5590.0,2026
RUND54C0F,4140.0,2026
RUNA56979,3390.0,2026
RUND6A4A7,1210.0,2026
RUND5648C,4790.0,2026
RUND03BFE,5850.0,2026
RUND9B589,1170.0,2026
RUN6DCFAC,3150.0,2026
RUN1AB696,5340.0,2026
RUN4820EF,4450.0,2026
RUN339949,4100.0,2026
RUN10A073,4490.0,2026
RUNB90BB2,2270.0,2026
RUN785BD8,2540.0,2026
RUN51B03C,5160.0,2026
RUN1D0017,4700.0,2026
RUN192A50,5540.0,2026
RUN5C06BF,5250.0,2026
RUNEBBF53,4210.0,2026
RUN907813,3020.0,2026
SKAT751A86,6510.0,2026
SKATCB097A,4630.0,2026
SKAT407D01,5170.0,2026
SKAT8BFE91,5490.0,2026
SKAT47003B,7170.0,2026
SKAT24B8F2,3090.0,2026
SKAT8A94D3,2920.0,2026
SKATC23D72,1010.0,2026
SKATDA2B42,5150.0,2026
SQUA4C7DCE,1470.0,2026
SQUA99D795,4850.0,2026
SQUA160B6F,5620.0,2026
SQUAA3B44A,3300.0,2026
SQUABC7FB7,5920.0,2026
SQUAC908FD,1140.0,2026
SQUA84B377,1230.0,2026
SQUA732DF1,6590.0,2026
SQUA22F29D,4830.0,2026
SQUA82575A,1940.0,2026
SURF56D4BF,11360.0,2026
SURF2EBCCA,10780.0,2026
SURF8627B1,6070.0,2026
SURF7A248A,6850.0,2026
SURF60F2D1,1820.0,2026
SURFE9DE14,1380.0,2026
SURFEB883D,10520.0,2026
SURFF237F1,5990.0,2026
SURF69CACC,12670.0,2026
SWIM8BE666,3320.0,2026
SWIM0619EB,4530.0,2026
SWIM38D257,2420.0,2026
SWIM814E22,1580.0,2026
SWIMAEF4F3,3860.0,2026
SWIMCA28CC,1370.0,2026
SWIM3B2B99,1850.0,2026
SWIM4F5CDD,610.0,2026
SWIMB4058D,340.0,2026
SWIM139E14,4590.0,2026
SWIME2E04A,3950.0,2026
SWIMBAC8EE,3610.0,2026
SWIM2785E8,1980.0,2026
SWIM8D675F,1190.0,2026
SWIM98EEF3,780.0,2026
SWIM9CB0C3,1470.0,2026
SWIM3BD53D,3510.0,2026
SWIM684A76,4280.0,2026
SWIM1E7A6B,3170.0,2026
TTEN18B609,2300.0,2026
TTEND5F06B,6150.0,2026
TTENB506A5,4810.0,2026
TTEND35118,3320.0,2026
TTEN2C5F16,5260.0,2026
TTENE14F77,3120.0,2026
TTEN658069,2000.0,2026
TTEN204A0C,2720.0,2026
TTEN99E28C,4970.0,2026
TTENE352A9,690.0,2026
GAMES600C68,630.0,2026
GAMES594E41,530.0,2026
GAMES78D8F4,480.0,2026
GAMES7519A2,3880.0,2026
GAMES0B9C36,3750.0,2026
GAMESA7F5F8,2680.0,2026
GAMES55E6CB,760.0,2026
GAMES62C38E,2130.0,2026
GAMES5EF6E3,2870.0,2026
TENN1ADD96,3100.0,2026
TENN32F2C2,6530.0,2026
TENN11B50C,5990.0,2026
TENN8CF37E,9110.0,2026
TENNE19233,9230.0,2026
TENN6E46CF,1240.0,2026
TENN6AD4AC,5910.0,2026
TENNDCCD5A,9040.0,2026
TENN514228,7480.0,2026
TENN0CFFE7,12570.0,2026
TENN391CEF,9630.0,2026
TENN151AB9,2920.0,2026
TENN3F4E67,1850.0,2026
TENNF49374,9410.0,2026
TENN0B614F,1230.0,2026
TENN4AEBA0,8360.0,2026
TENN506041,17080.0,2026
TENN6C0BC2,8500.0,2026
VOLLF0E251,1760.0,2026
VOLLD0506F,3440.0,2026
VOLLC5F036,1960.0,2026
VOLLA6AAB1,2840.0,2026
VOLLF5D4E6,3770.0,2026
VOLLEEC6A4,1720.0,2026
VOLL56AE91,3780.0,2026
VOLLDDFCD0,3420.0,2026
VOLL4B8018,1240.0,2026
WLFT9CBF85,3060.0,2026
WLFTB0B8BE,2820.0,2026
WLFT5DC367,1640.0,2026
WLFT1704AC,3440.0,2026
WLFT053057,16530.0,2026
WLFT79618A,3120.0,2026
WLFTAE945F,8850.0,2026
WLFT4A4E9C,20710.0,2026
WLFT6CA36D,1810.0,2026
WLFTB7DF2B,14040.0,2026
WLFT52B261,7480.0,2026
WLFT296A48,3960.0,2026
WLFT7AD84A,17540.0,2026
WLFTD84A88,15830.0,2026
WLFTAC3A34,15640.0,2026
WLFT1B93D6,19570.0,2026
WLFT69B35E,19510.0,2026
WLFTF2E540,5380.0,2026
WLFT14DED0,5500.0,2026
YOGA19401E,2740.0,2026
YOGACE3F89,2870.0,2026
YOGA4680D3,3450.0,2026
YOGA1B22A2,1540.0,2026
YOGA6FA844,1450.0,2026
YOGAA7E602,2690.0,2026
YOGA46952D,1310.0,2026
YOGA80ED66,3280.0,2026
YOGA465ABE,3050.0,2026
TABL2EAE8D,8660.0,2024
TABL2EAE8D,9270.0,2025
TABL2EAE8D,9140.0,2026
CAMP987CA9,2880.0,2024
CAMP987CA9,3100.0,2025
CAMP987CA9,3100.0,2026
SWIM9CDC96,2640.0,2024
SWIM9CDC96,2840.0,2025
SWIM9CDC96,2820.0,2026
FISH864C24,6910.0,2024
FISH864C24,7190.0,2025
FISH864C24,7570.0,2026
YOGAE72E7C,3370.0,2024
YOGAE72E7C,3630.0,2025
YOGAE72E7C,3700.0,2026
TABL01D58E,2380.0,2024
TABL01D58E,2530.0,2025
TABL01D58E,2570.0,2026
RACKCFA60B,1040.0,2024
RACKCFA60B,1100.0,2025
RACKCFA60B,1130.0,2026
FOOTF81DF8,2860.0,2024
FOOTF81DF8,3060.0,2025
FOOTF81DF8,3120.0,2026
WEIG2FF3E2,2130.0,2024
WEIG2FF3E2,2260.0,2025
WEIG2FF3E2,2280.0,2026
BOXI68EB5D,4130.0,2024
BOXI68EB5D,4440.0,2025
BOXI68EB5D,4410.0,2026
RUNN8E975C,5940.0,2024
RUNN8E975C,6200.0,2025
RUNN8E975C,6260.0,2026
YOGA02F0F4,8090.0,2024
YOGA02F0F4,8640.0,2025
YOGA02F0F4,8520.0,2026
TABLA0307F,5780.0,2024
TABLA0307F,6030.0,2025
TABLA0307F,6090.0,2026
HORS269828,6690.0,2024
HORS269828,7220.0,2025
HORS269828,7150.0,2026
HIKIA2913B,7500.0,2024
HIKIA2913B,8080.0,2025
HIKIA2913B,8240.0,2026
HORS4CAF11,2770.0,2024
HORS4CAF11,2960.0,2025
HORS4CAF11,2960.0,2026
FISH0BD49B,1750.0,2024
FISH0BD49B,1880.0,2025
FISH0BD49B,1850.0,2026
WEIG189898,8710.0,2024
WEIG189898,9230.0,2025
WEIG189898,9150.0,2026
YOGAD6E90F,2180.0,2024
YOGAD6E90F,2280.0,2025
YOGAD6E90F,2300.0,2026
SURF99F7A4,4020.0,2024
SURF99F7A4,4290.0,2025
SURF99F7A4,4370.0,2026
TABLEBC3B0,5590.0,2024
TABLEBC3B0,5900.0,2025
TABLEBC3B0,5950.0,2026
YOGA6B0795,4410.0,2024
YOGA6B0795,4740.0,2025
YOGA6B0795,4680.0,2026
RACK0D9FC2,4360.0,2024
RACK0D9FC2,4710.0,2025
RACK0D9FC2,4590.0,2026
SQUA88884D,7010.0,2024
SQUA88884D,7450.0,2025
SQUA88884D,7700.0,2026
FISH5587BB,10760.0,2024
FISH5587BB,11490.0,2025
FISH5587BB,11540.0,2026
SWIMB7AA45,5330.0,2024
SWIMB7AA45,5680.0,2025
SWIMB7AA45,5750.0,2026
FISH7D9FE1,3830.0,2024
FISH7D9FE1,4080.0,2025
FISH7D9FE1,4070.0,2026
FISH244331,6990.0,2024
FISH244331,7320.0,2025
FISH244331,7500.0,2026
BASK2A3E51,7150.0,2024
BASK2A3E51,7460.0,2025
BASK2A3E51,7860.0,2026
TENNC6C843,1090.0,2024
TENNC6C843,1180.0,2025
TENNC6C843,1180.0,2026
CAMP8815FB,1390.0,2024
CAMP8815FB,1490.0,2025
CAMP8815FB,1510.0,2026
SKAT464114,5210.0,2024
SKAT464114,5450.0,2025
SKAT464114,5710.0,2026
BOXIE1ABE6,6310.0,2024
BOXIE1ABE6,6670.0,2025
BOXIE1ABE6,6920.0,2026
ROCKC5CC34,8440.0,2024
ROCKC5CC34,9070.0,2025
ROCKC5CC34,8880.0,2026
TENN0D9698,3940.0,2024
TENN0D9698,4230.0,2025
TENN0D9698,4330.0,2026
RACK021295,3340.0,2024
RACK021295,3490.0,2025
RACK021295,3610.0,2026
FISH2D4D1D,5140.0,2024
FISH2D4D1D,5520.0,2025
FISH2D4D1D,5610.0,2026
RUNN2CE0F6,3910.0,2024
RUNN2CE0F6,4140.0,2025
RUNN2CE0F6,4190.0,2026
FOOT5C9094,3840.0,2024
FOOT5C9094,4130.0,2025
FOOT5C9094,4190.0,2026
RUNNFC7FE8,4000.0,2024
RUNNFC7FE8,4320.0,2025
RUNNFC7FE8,4400.0,2026
TABL9E75DD,8550.0,2024
TABL9E75DD,9220.0,2025
TABL9E75DD,9340.0,2026
YOGA88204A,5060.0,2024
YOGA88204A,5310.0,2025
YOGA88204A,5430.0,2026
SKAT58DB1D,300.0,2024
SKAT58DB1D,320.0,2025
SKAT58DB1D,320.0,2026
BADMEDCC41,5710.0,2024
BADMEDCC41,6020.0,2025
BADMEDCC41,6030.0,2026
RACK772913,4860.0,2024
RACK772913,5200.0,2025
RACK772913,5230.0,2026
ROCKA3A80F,10090.0,2024
ROCKA3A80F,10840.0,2025
ROCKA3A80F,10870.0,2026
CYCL0A3DC4,7130.0,2024
CYCL0A3DC4,7530.0,2025
CYCL0A3DC4,7530.0,2026
SWIMFF2718,4640.0,2024
SWIMFF2718,4830.0,2025
SWIMFF2718,5050.0,2026
BADM095A46,8480.0,2024
BADM095A46,8890.0,2025
BADM095A46,8960.0,2026
SQUA2F5009,,2024
SQUA2F5009,6970.0,2025
SQUA2F5009,7150.0,2026
BASKCD3CA0,860.0,2024
BASKCD3CA0,910.0,2025
BASKCD3CA0,940.0,2026
BASK2EC5E8,8350.0,2024
BASK2EC5E8,8800.0,2025
BASK2EC5E8,8980.0,2026
BOXIEA305F,2740.0,2024
BOXIEA305F,2920.0,2025
BOXIEA305F,3000.0,2026
TABLAEB050,8030.0,2024
TABLAEB050,8660.0,2025
TABLAEB050,8490.0,2026
SWIMDDF7B3,4110.0,2024
SWIMDDF7B3,4320.0,2025
SWIMDDF7B3,4410.0,2026
CYCL93104D,6470.0,2024
CYCL93104D,6980.0,2025
CYCL93104D,6950.0,2026
FOOTEE96E8,7410.0,2024
FOOTEE96E8,7780.0,2025
FOOTEE96E8,7810.0,2026
TABLAD278D,300.0,2024
TABLAD278D,310.0,2025
TABLAD278D,320.0,2026
YOGAF2FD0E,960.0,2024
YOGAF2FD0E,1010.0,2025
YOGAF2FD0E,1050.0,2026
TABL130E1B,5570.0,2024
TABL130E1B,5900.0,2025
TABL130E1B,6030.0,2026
SURF64E785,2860.0,2024
SURF64E785,2980.0,2025
SURF64E785,3030.0,2026
HORS011B4D,2780.0,2024
HORS011B4D,2920.0,2025
HORS011B4D,2940.0,2026
HANDE35AC7,300.0,2024
HANDE35AC7,320.0,2025
HANDE35AC7,320.0,2026
VOLL5D6300,3600.0,2024
VOLL5D6300,3840.0,2025
VOLL5D6300,3790.0,2026
HANDF8968A,5650.0,2024
HANDF8968A,5890.0,2025
HANDF8968A,6180.0,2026
FOOT180F0D,7650.0,2024
FOOT180F0D,8240.0,2025
FOOT180F0D,8060.0,2026
SURF7588B4,6630.0,2024
SURF7588B4,7090.0,2025
SURF7588B4,7020.0,2026
TABLE6C184,2360.0,2024
TABLE6C184,2470.0,2025
TABLE6C184,2520.0,2026
TENN8449BB,11040.0,2024
TENN8449BB,11640.0,2025
TENN8449BB,11850.0,2026
SKAT4B3F04,3250.0,2024
SKAT4B3F04,3480.0,2025
SKAT4B3F04,3420.0,2026
TABL2720EC,6630.0,2024
TABL2720EC,7130.0,2025
TABL2720EC,7130.0,2026
ARCH8440F0,1290.0,2024
ARCH8440F0,1370.0,2025
ARCH8440F0,1360.0,2026
CRICD8D2CD,8580.0,2024
CRICD8D2CD,9010.0,2025
CRICD8D2CD,9120.0,2026
VOLL25A084,2970.0,2024
VOLL25A084,3130.0,2025
VOLL25A084,3120.0,2026
BASK312A8C,1080.0,2024
BASK312A8C,1140.0,2025
BASK312A8C,1140.0,2026
BADM4AF9E1,2260.0,2024
BADM4AF9E1,2430.0,2025
BADM4AF9E1,2440.0,2026
CAMP09A581,7220.0,2024
CAMP09A581,7650.0,2025
CAMP09A581,7610.0,2026
BADME32C68,6050.0,2024
BADME32C68,6420.0,2025
BADME32C68,6530.0,2026
TENN6DBFC3,2880.0,2024
TENN6DBFC3,3010.0,2025
TENN6DBFC3,3060.0,2026
ROCK596FBD,8740.0,2024
ROCK596FBD,9220.0,2025
ROCK596FBD,9460.0,2026
CRICB05F0F,1400.0,2024
CRICB05F0F,1510.0,2025
CRICB05F0F,1510.0,2026
CRIC3D4948,6890.0,2024
CRIC3D4948,7230.0,2025
CRIC3D4948,7270.0,2026
ROCK719604,2830.0,2024
ROCK719604,2960.0,2025
ROCK719604,3000.0,2026
CRIC9496FA,2340.0,2024
CRIC9496FA,2460.0,2025
CRIC9496FA,2480.0,2026
BADM353DF9,3100.0,2024
BADM353DF9,3350.0,2025
BADM353DF9,3270.0,2026
RUNNF6D6CE,6140.0,2024
RUNNF6D6CE,6480.0,2025
RUNNF6D6CE,6740.0,2026
FISH97053D,4840.0,2024
FISH97053D,5080.0,2025
FISH97053D,5120.0,2026
HIKIA6B881,4950.0,2024
HIKIA6B881,5280.0,2025
HIKIA6B881,5430.0,2026
FOOT038ECE,10080.0,2024
FOOT038ECE,10600.0,2025
FOOT038ECE,10970.0,2026
SURF515A92,8850.0,2024
SURF515A92,9270.0,2025
SURF515A92,9440.0,2026
FOOTE1E3EC,4970.0,2024
FOOTE1E3EC,5220.0,2025
FOOTE1E3EC,5250.0,2026
BOXIF8D18B,3790.0,2024
BOXIF8D18B,4030.0,2025
BOXIF8D18B,4030.0,2026
WEIGD053B8,850.0,2024
WEIGD053B8,900.0,2025
WEIGD053B8,920.0,2026
BOXI939F09,4930.0,2024
BOXI939F09,5140.0,2025
BOXI939F09,5260.0,2026
BADM672AFB,2410.0,2024
BADM672AFB,2570.0,2025
BADM672AFB,2620.0,2026
SQUA9ABD16,6360.0,2024
SQUA9ABD16,6770.0,2025
SQUA9ABD16,6830.0,2026
ROCKFA9725,980.0,2024
ROCKFA9725,1060.0,2025
ROCKFA9725,1070.0,2026
TENN5E8E48,1160.0,2024
TENN5E8E48,1250.0,2025
TENN5E8E48,1230.0,2026
HAND9E9B11,4650.0,2024
HAND9E9B11,4870.0,2025
HAND9E9B11,4900.0,2026
RACK44C09B,4420.0,2024
RACK44C09B,4730.0,2025
RACK44C09B,4770.0,2026
CAMPCD9917,3810.0,2024
CAMPCD9917,4080.0,2025
CAMPCD9917,4040.0,2026
RACK44E7C5,4490.0,2024
RACK44E7C5,4700.0,2025
RACK44E7C5,4750.0,2026
RACKCA18A6,5730.0,2024
RACKCA18A6,6080.0,2025
RACKCA18A6,6120.0,2026
HAND006638,7160.0,2024
HAND006638,7700.0,2025
HAND006638,7660.0,2026
TABL64D167,3430.0,2024
TABL64D167,3620.0,2025
TABL64D167,3680.0,2026
RUNNDDA289,7930.0,2024
RUNNDDA289,8340.0,2025
RUNNDDA289,8620.0,2026
SKAT6927C8,430.0,2024
SKAT6927C8,460.0,2025
SKAT6927C8,460.0,2026
HANDAE4BB7,4200.0,2024
HANDAE4BB7,4460.0,2025
HANDAE4BB7,4600.0,2026
YOGA7C3FFA,1590.0,2024
YOGA7C3FFA,1710.0,2025
YOGA7C3FFA,1720.0,2026
CYCLE7FF67,4990.0,2024
CYCLE7FF67,5260.0,2025
CYCLE7FF67,5270.0,2026
FISH165C08,5630.0,2024
FISH165C08,5980.0,2025
FISH165C08,6160.0,2026
ROCK568C75,7770.0,2024
ROCK568C75,8330.0,2025
ROCK568C75,8220.0,2026
SKATF00CAD,990.0,2024
SKATF00CAD,1060.0,2025
SKATF00CAD,1040.0,2026
TABL260D36,,2024
TABL260D36,1900.0,2025
TABL260D36,1950.0,2026
YOGA6BD37B,3150.0,2024
YOGA6BD37B,3380.0,2025
YOGA6BD37B,3320.0,2026
VOLL5F558A,6560.0,2024
VOLL5F558A,7040.0,2025
VOLL5F558A,6930.0,2026
SURF4C4A20,7890.0,2024
SURF4C4A20,8250.0,2025
SURF4C4A20,8370.0,2026
CAMPAD2FA9,2870.0,2024
CAMPAD2FA9,3070.0,2025
CAMPAD2FA9,3120.0,2026
RUNN80372B,8180.0,2024
RUNN80372B,8680.0,2025
RUNN80372B,8690.0,2026
RUNN1D8A38,7080.0,2024
RUNN1D8A38,7460.0,2025
RUNN1D8A38,7500.0,2026
RUNA56979,3390.0,2026
CRICDB62E7,2450.0,2026
